t,node,src,dst,count,limit,nwk_q
2,0,0,3,2,4,2
3,0,0,3,2,4,2
4,0,0,3,2,4,2
5,0,0,3,2,4,2
6,0,0,3,2,4,2
7,0,0,3,2,4,2
8,0,0,3,2,4,2
9,0,0,3,2,4,2
10,0,0,3,2,4,2
11,0,0,3,2,4,2
12,0,0,3,2,4,2
13,0,0,3,2,4,2
14,0,0,3,2,4,2
15,0,0,3,2,4,2
16,0,0,3,2,4,2
17,0,0,3,2,4,2
17,3,2,0,0,4,0
18,0,0,3,2,4,2
18,2,2,0,0,4,0
18,3,2,0,0,4,0
19,0,0,3,2,4,2
19,2,2,0,0,4,0
19,3,2,0,0,4,0
20,0,0,3,2,4,2
20,2,2,0,0,4,0
20,3,2,0,0,4,0
21,0,0,3,2,4,2
21,2,2,0,0,4,0
21,3,2,0,0,4,0
22,0,0,3,2,4,2
22,2,2,0,0,4,0
22,3,2,0,0,4,0
23,0,0,3,2,4,2
23,2,2,0,0,4,0
23,3,2,0,0,4,0
24,0,0,3,2,4,2
24,2,2,0,0,4,0
24,3,2,0,0,4,0
25,0,0,3,2,4,2
25,2,2,0,0,4,0
25,3,2,0,0,4,0
26,0,0,3,2,4,2
26,2,2,0,0,4,0
26,3,2,0,0,4,0
27,0,0,3,2,4,2
27,2,2,0,0,4,0
27,3,2,0,0,4,0
28,0,0,3,2,4,2
28,2,2,0,0,4,0
28,3,2,0,0,4,0
29,0,0,3,2,4,2
29,2,2,0,0,4,0
29,3,2,0,0,4,0
30,0,0,3,2,4,2
30,2,2,0,0,4,0
30,3,2,0,0,4,0
31,0,0,3,2,4,2
31,2,2,0,0,4,0
31,3,2,0,0,4,0
32,0,0,3,2,4,2
32,2,2,0,0,4,0
32,3,2,0,0,4,0
33,0,0,3,2,4,2
33,2,2,0,0,4,0
33,3,2,0,0,4,0
34,0,0,3,2,4,2
34,2,2,0,0,4,0
34,3,2,0,0,4,0
35,0,0,3,2,4,2
35,2,2,0,0,4,0
35,3,2,0,0,4,0
36,0,0,3,2,4,2
36,2,2,0,0,4,0
36,3,2,0,0,4,0
37,0,0,3,2,4,2
37,2,2,0,0,4,0
37,3,2,0,0,4,0
38,0,0,3,2,4,2
38,2,2,0,0,4,0
38,3,2,0,0,4,0
39,0,0,3,2,4,2
39,2,2,0,0,4,0
39,3,2,0,0,4,0
40,0,0,3,2,4,2
40,2,2,0,0,4,0
40,3,2,0,0,4,0
41,0,0,3,2,4,2
41,2,2,0,0,4,0
41,3,2,0,0,4,0
42,0,0,3,2,4,2
42,2,2,0,0,4,0
42,3,2,0,0,4,0
43,0,0,3,2,4,2
43,2,2,0,0,4,0
43,3,2,0,0,4,0
44,0,0,3,2,4,2
44,2,2,0,0,4,0
44,3,2,0,0,4,0
45,0,0,3,2,4,2
45,2,2,0,0,4,0
45,3,2,0,0,4,0
46,0,0,3,2,4,2
46,2,2,0,0,4,0
46,3,2,0,0,4,0
47,0,0,3,2,4,2
47,2,2,0,0,4,0
47,3,2,0,0,4,0
48,0,0,3,2,4,2
48,2,2,0,0,4,0
48,3,2,0,0,4,0
49,0,0,3,2,4,2
49,2,2,0,0,4,0
49,3,2,0,0,4,0
50,0,0,3,2,4,2
50,2,2,0,0,4,0
50,3,2,0,0,4,1
50,3,3,0,1,4,1
51,0,0,3,2,4,2
51,2,2,0,0,4,1
51,2,3,0,1,4,1
51,3,2,0,0,4,0
51,3,3,0,1,4,0
52,0,0,3,2,4,2
52,1,1,3,1,4,1
52,2,2,0,0,4,1
52,2,3,0,1,4,1
52,3,2,0,0,4,0
52,3,3,0,0,4,0
53,0,0,3,2,4,3
53,0,1,3,1,4,3
53,1,1,3,1,4,0
53,2,2,0,0,4,1
53,2,3,0,1,4,1
53,3,2,0,0,4,0
53,3,3,0,0,4,0
54,0,0,3,2,4,3
54,0,1,3,1,4,3
54,1,1,3,0,4,0
54,2,2,0,0,4,1
54,2,3,0,1,4,1
54,3,2,0,0,4,0
54,3,3,0,0,4,0
55,0,0,3,2,4,3
55,0,1,3,1,4,3
55,1,1,3,0,4,0
55,2,2,0,0,4,1
55,2,3,0,1,4,1
55,3,2,0,0,4,0
55,3,3,0,0,4,0
56,0,0,3,2,4,3
56,0,1,3,1,4,3
56,1,1,3,0,4,0
56,2,2,0,0,4,1
56,2,3,0,1,4,1
56,3,2,0,0,4,0
56,3,3,0,0,4,0
57,0,0,3,2,4,3
57,0,1,3,1,4,3
57,1,1,3,0,4,0
57,2,2,0,0,4,1
57,2,3,0,1,4,1
57,3,2,0,0,4,0
57,3,3,0,0,4,0
58,0,0,3,2,4,3
58,0,1,3,1,4,3
58,1,1,3,0,4,0
58,2,2,0,0,4,1
58,2,3,0,1,4,1
58,3,2,0,0,4,0
58,3,3,0,0,4,0
59,0,0,3,2,4,3
59,0,1,3,1,4,3
59,1,1,3,0,4,0
59,2,2,0,0,4,1
59,2,3,0,1,4,1
59,3,2,0,0,4,0
59,3,3,0,0,4,0
60,0,0,3,2,4,3
60,0,1,3,1,4,3
60,1,1,3,0,4,0
60,2,2,0,0,4,1
60,2,3,0,1,4,1
60,3,2,0,0,4,0
60,3,3,0,0,4,0
61,0,0,3,2,4,3
61,0,1,3,1,4,3
61,1,1,3,0,4,0
61,2,2,0,0,4,1
61,2,3,0,1,4,1
61,3,2,0,0,4,0
61,3,3,0,0,4,0
62,0,0,3,2,4,3
62,0,1,3,1,4,3
62,1,1,3,0,4,0
62,2,2,0,0,4,1
62,2,3,0,1,4,1
62,3,2,0,0,4,0
62,3,3,0,0,4,0
63,0,0,3,2,4,3
63,0,1,3,1,4,3
63,1,1,3,0,4,0
63,2,2,0,0,4,1
63,2,3,0,1,4,1
63,3,2,0,0,4,0
63,3,3,0,0,4,0
64,0,0,3,2,4,3
64,0,1,3,1,4,3
64,1,1,3,0,4,0
64,2,2,0,0,4,1
64,2,3,0,1,4,1
64,3,2,0,0,4,0
64,3,3,0,0,4,0
65,0,0,3,2,4,3
65,0,1,3,1,4,3
65,1,1,3,0,4,0
65,2,2,0,0,4,1
65,2,3,0,1,4,1
65,3,2,0,0,4,0
65,3,3,0,0,4,0
66,0,0,3,2,4,3
66,0,1,3,1,4,3
66,1,1,3,0,4,0
66,2,2,0,0,4,1
66,2,3,0,1,4,1
66,3,2,0,0,4,0
66,3,3,0,0,4,0
67,0,0,3,2,4,3
67,0,1,3,1,4,3
67,1,1,3,0,4,0
67,2,2,0,0,4,1
67,2,3,0,1,4,1
67,3,2,0,0,4,0
67,3,3,0,0,4,0
68,0,0,3,2,4,3
68,0,1,3,1,4,3
68,1,1,3,0,4,0
68,2,2,0,0,4,1
68,2,3,0,1,4,1
68,3,2,0,0,4,0
68,3,3,0,0,4,0
69,0,0,3,2,4,3
69,0,1,3,1,4,3
69,1,1,3,0,4,0
69,2,2,0,0,4,1
69,2,3,0,1,4,1
69,3,2,0,0,4,0
69,3,3,0,0,4,0
70,0,0,3,2,4,3
70,0,1,3,1,4,3
70,1,1,3,0,4,0
70,2,2,0,0,4,1
70,2,3,0,1,4,1
70,3,2,0,0,4,0
70,3,3,0,0,4,0
71,0,0,3,2,4,3
71,0,1,3,1,4,3
71,1,1,3,0,4,0
71,2,2,0,0,4,1
71,2,3,0,1,4,1
71,3,2,0,0,4,0
71,3,3,0,0,4,0
72,0,0,3,2,4,3
72,0,1,3,1,4,3
72,1,1,3,0,4,0
72,2,2,0,0,4,1
72,2,3,0,1,4,1
72,3,2,0,0,4,0
72,3,3,0,0,4,0
73,0,0,3,2,4,3
73,0,1,3,1,4,3
73,1,1,3,0,4,0
73,2,2,0,0,4,1
73,2,3,0,1,4,1
73,3,2,0,0,4,0
73,3,3,0,0,4,0
74,0,0,3,2,4,3
74,0,1,3,1,4,3
74,1,1,3,0,4,0
74,2,2,0,0,4,1
74,2,3,0,1,4,1
74,3,2,0,0,4,0
74,3,3,0,0,4,0
75,0,0,3,2,4,3
75,0,1,3,1,4,3
75,1,1,3,0,4,0
75,2,2,0,0,4,1
75,2,3,0,1,4,1
75,3,2,0,0,4,0
75,3,3,0,0,4,0
76,0,0,3,2,4,3
76,0,1,3,1,4,3
76,1,1,3,0,4,0
76,2,2,0,0,4,1
76,2,3,0,1,4,1
76,3,2,0,0,4,0
76,3,3,0,0,4,0
77,0,0,3,2,4,3
77,0,1,3,1,4,3
77,1,1,3,0,4,0
77,2,2,0,0,4,1
77,2,3,0,1,4,1
77,3,2,0,0,4,0
77,3,3,0,0,4,0
78,0,0,3,2,4,3
78,0,1,3,1,4,3
78,1,1,3,0,4,0
78,2,2,0,0,4,1
78,2,3,0,1,4,1
78,3,2,0,0,4,0
78,3,3,0,0,4,0
79,0,0,3,2,4,3
79,0,1,3,1,4,3
79,1,1,3,0,4,0
79,2,2,0,0,4,1
79,2,3,0,1,4,1
79,3,2,0,0,4,0
79,3,3,0,0,4,0
80,0,0,3,2,4,3
80,0,1,3,1,4,3
80,1,1,3,0,4,0
80,2,2,0,0,4,1
80,2,3,0,1,4,1
80,3,2,0,0,4,0
80,3,3,0,0,4,0
81,0,0,3,2,4,3
81,0,1,3,1,4,3
81,1,1,3,0,4,0
81,2,2,0,0,4,1
81,2,3,0,1,4,1
81,3,2,0,0,4,0
81,3,3,0,0,4,0
82,0,0,3,2,4,3
82,0,1,3,1,4,3
82,1,1,3,0,4,0
82,2,2,0,0,4,1
82,2,3,0,1,4,1
82,3,2,0,0,4,0
82,3,3,0,0,4,0
83,0,0,3,2,4,3
83,0,1,3,1,4,3
83,1,1,3,0,4,0
83,2,2,0,0,4,1
83,2,3,0,1,4,1
83,3,2,0,0,4,0
83,3,3,0,0,4,0
84,0,0,3,2,4,3
84,0,1,3,1,4,3
84,1,1,3,0,4,0
84,2,2,0,0,4,1
84,2,3,0,1,4,1
84,3,2,0,0,4,0
84,3,3,0,0,4,0
85,0,0,3,2,4,3
85,0,1,3,1,4,3
85,1,1,3,0,4,0
85,2,2,0,0,4,1
85,2,3,0,1,4,1
85,3,2,0,0,4,0
85,3,3,0,0,4,0
86,0,0,3,2,4,3
86,0,1,3,1,4,3
86,1,1,3,0,4,0
86,2,2,0,0,4,1
86,2,3,0,1,4,1
86,3,2,0,0,4,0
86,3,3,0,0,4,0
87,0,0,3,2,4,3
87,0,1,3,1,4,3
87,1,1,3,0,4,0
87,2,2,0,0,4,1
87,2,3,0,1,4,1
87,3,2,0,0,4,0
87,3,3,0,0,4,0
88,0,0,3,2,4,3
88,0,1,3,1,4,3
88,1,1,3,0,4,0
88,2,2,0,0,4,1
88,2,3,0,1,4,1
88,3,2,0,0,4,0
88,3,3,0,0,4,0
89,0,0,3,2,4,3
89,0,1,3,1,4,3
89,1,1,3,0,4,0
89,2,2,0,0,4,1
89,2,3,0,1,4,1
89,3,2,0,0,4,0
89,3,3,0,0,4,0
